{"C": 2091.371742481337, "cache_size": 200, "coef0": 0.0, "degree": 3, "epsilon": 1.0, "gamma": 0.009599531546454888, "kernel": "rbf", "max_iter": -1, "shrinking": true, "tol": 0.001, "verbose": false}